session,exam,year,question_id,subquestion_id,type,marks,AO,spec_reference,question_text,mark_scheme,extra_notes,question_page_start,question_page_end,mark_scheme_start_page,mark_scheme_end_page,has_figure,figure_labels_joined,has_table,table_labels_joined,source_qp,source_ms,figure_labels,table_labels,question_pdf_link
JUN22,AQA GCSE Combined Science: Physics Paper 1H,2022,1,1.1,short answer,3,AO3,6.1.3,"Figure 1 shows some of the energy resources used to meet the demand for electrical power in the UK on one day in 2020.

Figure 1

The maximum demand for electrical power on that day was at 6 pm.
Determine the percentage of the maximum demand for electrical power that was generated using gas.
[3 marks]
Percentage = ____ %","16 500 (GW) and 30 000 (GW) read from graph
percentage = 16 500 / 30 000 × 100%
percentage = 55 (%)","allow a correct substitution using 
a value of 15300 or 18000 for 
gas
allow an answer consistent with 
a value of 15300 or 18000 for 
gas",2,2,10,10,True,Figure 1,False,,AQA-8464P1H-QP-JUN22.PDF,AQA-8464P1H-MS-JUN22.PDF,['Figure 1'],[],https://drive.google.com/file/d/1_KrDGKNUB309vsWJDmJjJftfusc5v6lw/view
JUN22,AQA GCSE Combined Science: Physics Paper 1H,2022,1,1.2,multiple choice,1,AO1,6.1.3,"The UK government wants to reduce carbon emissions as much as possible.
Which energy resources need to be used less to achieve this?
[1 mark]
Tick (✓) one box.

|   |   |
|---|---|
| □ | Coal and gas |
| □ | Gas and nuclear |
| □ | Wind and coal |
| □ | Wind and nuclear |",coal and gas,,3,3,10,10,False,,False,,AQA-8464P1H-QP-JUN22.PDF,AQA-8464P1H-MS-JUN22.PDF,[],[],https://drive.google.com/file/d/1_KrDGKNUB309vsWJDmJjJftfusc5v6lw/view
JUN22,AQA GCSE Combined Science: Physics Paper 1H,2022,1,1.3,short answer,1,AO1,6.2.4.3,"A network of transformers and transmission cables transfers electrical power from power stations to consumers.
What is this network called?
[1 mark]",the national grid,,4,4,10,10,False,,False,,AQA-8464P1H-QP-JUN22.PDF,AQA-8464P1H-MS-JUN22.PDF,[],[],https://drive.google.com/file/d/1_KrDGKNUB309vsWJDmJjJftfusc5v6lw/view
JUN22,AQA GCSE Combined Science: Physics Paper 1H,2022,1,1.4,short answer,3,AO1,6.2.4.3,"Explain how using step-up transformers makes the network efficient.
[3 marks]","potential difference increases
current is reduced 
so there is less / low energy loss (to the surroundings)","allow large potential difference
allow small current
allow less / low heating in the 
transmission cables
ignore resistance
do not allow no energy loss",4,4,10,10,False,,False,,AQA-8464P1H-QP-JUN22.PDF,AQA-8464P1H-MS-JUN22.PDF,[],[],https://drive.google.com/file/d/1_KrDGKNUB309vsWJDmJjJftfusc5v6lw/view
JUN22,AQA GCSE Combined Science: Physics Paper 1H,2022,2,2.1,short answer,6,AO1,"6.1.1.3, 6.3.2.2","A student made measurements to determine the specific heat capacity of vegetable oil.
Figure 2 shows the equipment used.
Figure 2
Describe how the student could use the equipment shown in Figure 2 to determine the specific heat capacity of vegetable oil.
[6 marks]","Level 3: The method would lead to the production of a valid outcome. All key steps are identified and logically sequenced.
Level 2: The method would not necessarily lead to a valid RPA14 outcome. Most steps are identified, but the plan is not fully logically sequenced.
Level 1: The method would not lead to a valid outcome. Some relevant steps are identified, but links are not made clear.
No relevant content
Indicative content
• measure mass of oil using the top pan balance
• measure start temperature of oil using the thermometer
• place beaker of oil on heater
• switch on heater to heat oil
• measure final temperature of oil using the thermometer
• measure energy transferred using joulemeter
• calculate increase in temperature (∆θ)
• use the equation E = mcΔθ to determine c",,6,6,11,11,True,Figure 2,False,,AQA-8464P1H-QP-JUN22.PDF,AQA-8464P1H-MS-JUN22.PDF,['Figure 2'],[],https://drive.google.com/file/d/1ijd6T9sKSQtBSu1Nx8seXsNAF2Elun_S/view
JUN22,AQA GCSE Combined Science: Physics Paper 1H,2022,2,2.2,short answer,1,AO1,"6.1.1.3, RPA14","Give one risk when using the equipment in Figure 2.
[1 mark]",burns / scalds,"allow cuts from broken glass
ignore the heater / oil is hot",7,7,11,11,True,Figure 2,False,,AQA-8464P1H-QP-JUN22.PDF,AQA-8464P1H-MS-JUN22.PDF,['Figure 2'],[],https://drive.google.com/file/d/1ijd6T9sKSQtBSu1Nx8seXsNAF2Elun_S/view
JUN22,AQA GCSE Combined Science: Physics Paper 1H,2022,2,2.3,short answer,1,AO1,"6.1.1.4, 6.2.4.2, RPA14","A different student did not have a joulemeter and calculated the energy transferred by the electric heater.
Use the Physics Equations Sheet to answer questions 02.3 and 02.4.
Write down the equation linking energy transferred (E), power (P) and time (t).
[1 mark]","power = energy transferred / time
or
P = E / t",,7,7,11,11,False,,False,,AQA-8464P1H-QP-JUN22.PDF,AQA-8464P1H-MS-JUN22.PDF,[],[],https://drive.google.com/file/d/1ijd6T9sKSQtBSu1Nx8seXsNAF2Elun_S/view
JUN22,AQA GCSE Combined Science: Physics Paper 1H,2022,2,2.4,calculation,3,AO2,"6.1.1.4, 6.2.4.2","The electric heater had a power output of 50 watts.
Calculate the time taken for the electric element to transfer 4750 joules of energy to the vegetable oil.
[3 marks]
Time taken = ____ s","50 = 4750 / t
or
4750 = 50 × t 
t = 4750 / 50
t = 95 (s)",,7,8,11,11,False,,False,,AQA-8464P1H-QP-JUN22.PDF,AQA-8464P1H-MS-JUN22.PDF,[],[],https://drive.google.com/file/d/1ijd6T9sKSQtBSu1Nx8seXsNAF2Elun_S/view
JUN22,AQA GCSE Combined Science: Physics Paper 1H,2022,2,2.5,short answer,1,AO1,6.2.1.4,"In a deep fryer, vegetable oil is heated by an electric heating element. Food is then cooked in the hot vegetable oil.
The deep fryer contains an electrical component to monitor the temperature of the vegetable oil. 
Figure 3 shows how the resistance of this electrical component changes with temperature.
Figure 3
What electrical component is used to monitor the temperature of the vegetable oil?
[1 mark]",thermistor,,8,8,11,11,True,Figure 3,False,,AQA-8464P1H-QP-JUN22.PDF,AQA-8464P1H-MS-JUN22.PDF,['Figure 3'],[],https://drive.google.com/file/d/1ijd6T9sKSQtBSu1Nx8seXsNAF2Elun_S/view
JUN22,AQA GCSE Combined Science: Physics Paper 1H,2022,2,2.6,calculation,2,AO3,6.2.1.4,"The electric heating element in the deep fryer automatically switches off when the vegetable oil reaches a certain temperature.
Figure 4 shows how the temperature of the vegetable oil changed after the deep fryer was switched on.
Figure 4
Determine the resistance of the electrical component when the electric heating element automatically switched off.
Use Figure 3 and Figure 4.
[2 marks]
Resistance = ____ Ω",250 (Ω),"allow an answer in the range
240 (Ω) to 260 (Ω)
allow 1 mark for temperature = 
160 (°C)",9,9,11,11,True,"Figure 3, Figure 4",False,,AQA-8464P1H-QP-JUN22.PDF,AQA-8464P1H-MS-JUN22.PDF,"['Figure 3', 'Figure 4']",[],https://drive.google.com/file/d/1ijd6T9sKSQtBSu1Nx8seXsNAF2Elun_S/view
JUN22,AQA GCSE Combined Science: Physics Paper 1H,2022,2,2.7,multiple choice,1,AO1,6.3.1.2,"Some chips were put in the deep fryer. 
In the deep fryer, water in the chips underwent a physical change and became steam.
Why is this a physical change?
[1 mark]
Tick (✓) one box.

|   |   |
|---|---|
| □ | All water can change to steam. |
| □ | No chemicals are involved when water changes to steam. |
| □ | The change from water to steam can be detected visually. |
| □ | The water will recover its original properties if the steam is cooled |",the water will recover its original properties if the steam is cooled,,10,10,11,11,False,,False,,AQA-8464P1H-QP-JUN22.PDF,AQA-8464P1H-MS-JUN22.PDF,[],[],https://drive.google.com/file/d/1ijd6T9sKSQtBSu1Nx8seXsNAF2Elun_S/view
JUN22,AQA GCSE Combined Science: Physics Paper 1H,2022,3,3.1,short answer,4,AO1,"6.1.1.1, 6.1.2.1","A trampoline is made from a sheet of material held in place by stretched springs.
Figure 5 shows a child on a trampoline.
Figure 5
Position A shows the child’s maximum height above the trampoline.
Position B shows the lowest position reached by the child when landing on the trampoline.
Describe the changes to the stores of energy of the:
• child 
• springs 
• surroundings 
as the child moves from position A to position B.
[4 marks]
Child ______________
Springs ______________
Surroundings ______________","Child
gravitational potential energy decreases
kinetic energy increases and then decreases (to zero)
Springs
elastic potential energy increases
Surroundings
internal / thermal store of energy increases","ignore descriptions of energy 
transfers before the child 
reaches position A
ignore references to kinetic 
energy of the springs
allow energy is dissipated 
allow (average) kinetic energy of 
the particles increases",12,13,12,12,True,Figure 5,False,,AQA-8464P1H-QP-JUN22.PDF,AQA-8464P1H-MS-JUN22.PDF,['Figure 5'],[],https://drive.google.com/file/d/1JEhd6icDrEQF-QGwnrH9C-TvJAQvr2Kf/view
JUN22,AQA GCSE Combined Science: Physics Paper 1H,2022,3,3.2,calculation,5,AO2,6.1.1.2,"When the child is at position A, each trampoline spring is stretched by 0.056 m
The elastic potential energy of each spring is 4.9 J
When the child is at position B, the elastic potential energy of each spring increases to 8.1 J
Calculate the extension of each spring when the child is at position B.
Use the Physics Equations Sheet. 
[5 marks]
Extension = ____ m","At position A
4.9 = 0.5 × k × 0.056²
k = 2 × 4.9 / 0.056² = 3125 (N/m)
At position B 
8.1 = 0.5 × 3125 × e²
e² = 2 × 8.1 / 3125
e = √(2 × 8.1 / 3125)
e = 0.072 (m)","allow a correct substitution of an 
incorrectly calculated value of k
using 0.056 m and 4.9 J
allow e² = 0.005184
allow a correct re-arrangement 
using an incorrectly calculated 
value of k
allow an answer consistent with 
their calculated value of k",14,14,12,12,False,,False,,AQA-8464P1H-QP-JUN22.PDF,AQA-8464P1H-MS-JUN22.PDF,[],[],https://drive.google.com/file/d/1JEhd6icDrEQF-QGwnrH9C-TvJAQvr2Kf/view
JUN22,AQA GCSE Combined Science: Physics Paper 1H,2022,3,3.3,multiple choice,1,AO1,6.1.1.4,"As the child bounces on the trampoline the child does work.
What is the work done by the child equal to?
[1 mark]
Tick (✓) one box.

|   |   |
|---|---|
| □ | The average force applied by the child |
| □ | The maximum force applied by the child |
| □ | The total energy store of the child |
| □ | The total energy transferred by the child |",the total energy transferred by the child,,14,14,12,12,False,,False,,AQA-8464P1H-QP-JUN22.PDF,AQA-8464P1H-MS-JUN22.PDF,[],[],https://drive.google.com/file/d/1JEhd6icDrEQF-QGwnrH9C-TvJAQvr2Kf/view
JUN22,AQA GCSE Combined Science: Physics Paper 1H,2022,4,4.1,calculation,1,AO2,6.3.3,"A student investigated how the pressure of a gas depends on its temperature. The volume of the gas did not change.
Figure 6 shows the equipment used.
Figure 6
Pressure is sometimes measured in units called atmospheres. 
1 atmosphere is 105 pascals (Pa). 
What is 1 atmosphere in kilopascals (kPa)?
[1 mark]
1 atmosphere = ____ kPa",100 (kPa),allow 102 (kPa),16,16,13,13,True,Figure 6,False,,AQA-8464P1H-QP-JUN22.PDF,AQA-8464P1H-MS-JUN22.PDF,['Figure 6'],[],https://drive.google.com/file/d/1y7OTQYwySZOKkY5TcWtU4AhTWXmhzWgi/view
JUN22,AQA GCSE Combined Science: Physics Paper 1H,2022,4,4.2,calculation,2,AO2,6.3.3,"The student took four pressure readings for each temperature.
Table 1 shows the pressure readings when the temperature was 50.0 °C

Table 1

| Temperature in °C | Pressure in MPa |
|------------------|-----------------|
| 1                | 2    | 3    | 4    |
| 50.0             |0.115 |0.120 |0.121 |0.116|

Calculate the uncertainty in the mean pressure.
[2 marks]
Uncertainty = ± ____ MPa","range = 0.006 (MPa)
uncertainty = ± 0.003 (MPa)","allow mean = 0.118
an answer of uncertainty = 
0.118 (MPa) scores 0 marks",17,17,13,13,False,,True,Table 1,AQA-8464P1H-QP-JUN22.PDF,AQA-8464P1H-MS-JUN22.PDF,[],['Table 1'],https://drive.google.com/file/d/1y7OTQYwySZOKkY5TcWtU4AhTWXmhzWgi/view
JUN22,AQA GCSE Combined Science: Physics Paper 1H,2022,4,4.3,short answer,1,AO2,6.3.3.1,"Figure 7 shows a sketch graph of the results.
Figure 7
The student said that as the temperature increases the pressure increases.
Give a better description of the relationship between temperature and pressure.
[1 mark]",the relationship is linear,"allow the relationship obeys 
y = mx + c
allow the gradient (of the graph) 
is constant
do not accept (directly) 
proportional",17,17,13,13,True,Figure 7,False,,AQA-8464P1H-QP-JUN22.PDF,AQA-8464P1H-MS-JUN22.PDF,['Figure 7'],[],https://drive.google.com/file/d/1y7OTQYwySZOKkY5TcWtU4AhTWXmhzWgi/view
JUN22,AQA GCSE Combined Science: Physics Paper 1H,2022,4,4.4,extended response,5,AO2,6.3.3.1,"A pressure cooker is a sealed pot that uses steam to cook food.
Figure 8 shows a pressure cooker.
Figure 8
When the water in the pressure cooker starts to boil:
• the amount of steam in the pressure cooker increases
• the temperature of the steam increases above 100 °C
Explain why these changes make the pressure in the cooker increase. 
[5 marks]","(as the amount of steam increases) the number of particles increases
and (as the temperature increases) particles move faster 
particles collide with the wall of the cooker
these collisions are more frequent
and each collision exerts more force","particles refers to particles in the 
steam throughout
allow (as the temperature 
increases) the (average) kinetic 
energy of the particles increases
if MP3 is not awarded no 
subsequent marks may be 
awarded",18,18,13,13,True,Figure 8,False,,AQA-8464P1H-QP-JUN22.PDF,AQA-8464P1H-MS-JUN22.PDF,['Figure 8'],[],https://drive.google.com/file/d/1y7OTQYwySZOKkY5TcWtU4AhTWXmhzWgi/view
JUN22,AQA GCSE Combined Science: Physics Paper 1H,2022,4,4.5,extended response,3,AO1,6.3.1.1,"If the pressure inside the pressure cooker becomes greater than 200 kPa then some of the steam is released through the safety valve.
The released steam expands as it moves into the atmosphere. 
Explain how a change in density of the steam is caused by a change in the arrangement of particles in the steam as it is released.
[3 marks]","the particles spread out
so the steam / gas takes up a greater volume
and density = mass / volume so the density decreases","do not allow particles expand
allow there is less gas in the 
same volume
do not allow density of particles 
decreases",19,19,13,13,False,,False,,AQA-8464P1H-QP-JUN22.PDF,AQA-8464P1H-MS-JUN22.PDF,[],[],https://drive.google.com/file/d/1y7OTQYwySZOKkY5TcWtU4AhTWXmhzWgi/view
JUN22,AQA GCSE Combined Science: Physics Paper 1H,2022,5,5.1,short answer,2,AO3,6.2.1.4,"The camera in a mobile phone uses an LED to provide light when taking a photograph.
A student investigated how the potential difference across an LED varies with the current in it.
Figure 9 shows the circuit used.
Figure 9
The student closed the switch. The voltmeter gave a reading of 5.0 V 
The ammeter gave a reading of 0 mA 
The LED did not emit any light.
Explain how the student should have changed the circuit to make the LED emit light.
[2 marks]","reverse the connections to the LED / battery
because an LED / diode only allows current through in one direction","allow reverse the potential 
difference across the LED /
diode
allow because an LED / diode 
has a large resistance in the 
reverse direction",20,20,14,14,True,Figure 9,False,,AQA-8464P1H-QP-JUN22.PDF,AQA-8464P1H-MS-JUN22.PDF,['Figure 9'],[],https://drive.google.com/file/d/1NPv51FvG1mxSHQ_MRkmueirKGYfCS6qu/view
JUN22,AQA GCSE Combined Science: Physics Paper 1H,2022,5,5.2,calculation,5,AO2,6.2.4.1,"The student changed the circuit so that the LED emitted light.
The current in the circuit was 290 mA 
The power of the LED was 0.98 W
Calculate the potential difference across the LED.
Use the Physics Equations Sheet.
Give your answer to 2 significant figures. 
[5 marks]
Potential difference (2 significant figures) = ____ V","290 mA = 0.29 A
0.98 = V × 0.29
or 
R = 0.98 / 0.29
V = 0.98 / 0.29
V = 3.379… 
V = 3.4 (V)","allow a correct substitution of an 
incorrectly / not converted 
current
allow R = 11.652…
ignore 0.98 = (0.29)² × 𝑅𝑅
allow a correct substitution of an 
incorrectly / not converted 
current
allow 𝑉𝑉 = 11.65 × 0.29
allow a correct rearrangement 
using an incorrectly / not 
converted current
allow a correct calculation using 
an incorrectly / not converted 
current
allow a correctly rounded 
answer to 2 sig figs consistent 
with their calculated value of V
using numbers from the 
question",21,21,14,14,False,,False,,AQA-8464P1H-QP-JUN22.PDF,AQA-8464P1H-MS-JUN22.PDF,[],[],https://drive.google.com/file/d/1NPv51FvG1mxSHQ_MRkmueirKGYfCS6qu/view
JUN22,AQA GCSE Combined Science: Physics Paper 1H,2022,5,5.3,multiple choice,1,AO1,6.4.1.1,"A traditional camera uses a flash unit to provide light.
Figure 10 shows a flash unit on a traditional camera.
Figure 10
The flash unit emits light from xenon gas in a fluorescent tube.
What happens when a xenon atom emits light?
[1 mark]
Tick (✓) one box.

|   |   |
|---|---|
| □ | Electrons in the atom fall to a lower energy level. |
| □ | Electrons in the atom move to a higher energy level. |
| □ | Electrons leave the atom, causing ionisation. |
| □ | Electrons transfer to the atom from the electrical circuit. |",electrons in the atom fall to a lower energy level,,22,22,14,14,True,Figure 10,False,,AQA-8464P1H-QP-JUN22.PDF,AQA-8464P1H-MS-JUN22.PDF,['Figure 10'],[],https://drive.google.com/file/d/1NPv51FvG1mxSHQ_MRkmueirKGYfCS6qu/view
JUN22,AQA GCSE Combined Science: Physics Paper 1H,2022,5,5.4,calculation,6,AO2,"6.2.4.2, 6.2.1.2","When the flash unit is used there is a mean potential difference of 200 V across the fluorescent tube. 
The flash of light lasts for 2.8 × 10–4 s
1.4 J of energy is transferred. 
Calculate the mean current. 
Use the Physics Equations Sheet.
[6 marks]
Mean current = ____ A","1.4 = Q × 200
Q = 1.4 / 200
Q = 0.0070 (C)
0.0070 = I × 2.8 × 10⁻⁴ 
I = 0.0070 / 2.8×10⁻⁴
I = 25 (A)
OR
1.4 = P × 2.8 × 10⁻⁴ (1)
P = 1.4 / 2.8×10⁻⁴ (1)
P = 5000 (W) (1)
5000 = 200 × I (1)
I = 5000 / 200 (1)
I = 25 (A) (1)","allow a correct substitution of 
their calculated value of Q
allow a correct re-arrangement 
using their value of Q
allow an answer consistent with 
their value of Q 
allow a correct substitution of 
their calculated value of P
allow a correct re-arrangement 
using their value of P
allow an answer consistent with 
their value of P",23,23,14,14,False,,False,,AQA-8464P1H-QP-JUN22.PDF,AQA-8464P1H-MS-JUN22.PDF,[],[],https://drive.google.com/file/d/1NPv51FvG1mxSHQ_MRkmueirKGYfCS6qu/view
JUN22,AQA GCSE Combined Science: Physics Paper 1H,2022,6,6.1,short answer,2,AO1,"6.4.2.1, 6.4.2.4","A smoke detector contains a source of alpha radiation in a plastic case.
A source of beta radiation in a smoke detector would be more hazardous than a source of alpha radiation.
Explain why.
[2 marks]","beta radiation is more penetrating (than alpha radiation) 
so beta radiation could irradiate people passing near the smoke detector","allow beta radiation can pass 
through the case (but alpha 
radiation cannot)
allow beta radiation can travel 
further (in air than alpha 
radiation)
do not allow beta radiation is 
more ionising
allow beta radiation can pass 
through skin",24,24,15,15,False,,False,,AQA-8464P1H-QP-JUN22.PDF,AQA-8464P1H-MS-JUN22.PDF,[],[],https://drive.google.com/file/d/1zQkrVCZZ5BGMdBsk8HtPfiEv82nHWNqQ/view
JUN22,AQA GCSE Combined Science: Physics Paper 1H,2022,6,6.2,calculation,2,AO1,"6.4.2.2, 6.4.2.1, 6.4.1.2","Actinium (Ac) is one source of alpha radiation.
An actinium (Ac) nucleus emits an alpha particle (α) and turns into a francium (Fr) nucleus.
This can be represented as: 
Determine the values of A and Z.
[2 marks]
A = ____
Z = ____","A = 227
Z = 89",,24,24,15,15,False,,False,,AQA-8464P1H-QP-JUN22.PDF,AQA-8464P1H-MS-JUN22.PDF,[],[],https://drive.google.com/file/d/1zQkrVCZZ5BGMdBsk8HtPfiEv82nHWNqQ/view
JUN22,AQA GCSE Combined Science: Physics Paper 1H,2022,6,6.3,extended response,4,AO3,6.4.2.1,"A teacher wanted to find out what nuclear radiation is emitted from a source.
The teacher placed different barriers between the source and a detector.
The teacher recorded the count for 30 seconds after each barrier was put in place.
Table 2 shows the results.

Table 2

| Barrier     | Thickness in millimetres | Count after 30 seconds |
|-------------|--------------------------|-----------------------|
| None        |                          | 985                   |
| Paper       | 0.1                      | 149                   |
| Aluminium   | 5.0                      | 0                     |
| Lead        | 20.0                     | 0                     |

Explain what nuclear radiation was emitted by the source.
[4 marks]","(some) radiation is stopped by paper 
so the source emits alpha radiation
and (some) radiation passes through paper but is stopped by aluminium
so the source emits beta radiation (but does not emit gamma)","MP2 dependent on MP1
MP4 dependent on MP3",25,25,15,15,False,,True,Table 2,AQA-8464P1H-QP-JUN22.PDF,AQA-8464P1H-MS-JUN22.PDF,[],['Table 2'],https://drive.google.com/file/d/1zQkrVCZZ5BGMdBsk8HtPfiEv82nHWNqQ/view
JUN22,AQA GCSE Combined Science: Physics Paper 1H,2022,6,6.4,extended response,3,AO3,"6.4.2.1, 6.4.2.3","Figure 11 shows how the activity of four different radioactive isotopes, A, B, C and D, changes over time.
Figure 11
Write the isotopes A, B, C and D in order of increasing stability of their nuclei.
Explain your answer.
[3 marks]
Least stable __________ Most stable
Explanation _______________","D B A C
explanation
a substance with a longer half-life has more stable nuclei
so answers are in order of increasing half-life","all four letters must be in the 
correct order
explanation only scores if 
correct order given
allow the more stable a nucleus, 
the less likely it is to decay (in a 
given time)",26,27,15,15,True,Figure 11,False,,AQA-8464P1H-QP-JUN22.PDF,AQA-8464P1H-MS-JUN22.PDF,['Figure 11'],[],https://drive.google.com/file/d/1zQkrVCZZ5BGMdBsk8HtPfiEv82nHWNqQ/view
NOV20,"AQA GCSE Combined Science: Physics Paper 1H, 2020",2020,1,1.1,short answer,1,AO2,6.2.3.2,"Figure 1 shows the inside of a plug.

Figure 1

The plug is not wired correctly.
What should be done to connect the wires in the plug correctly?",swap the blue wire and the green and yellow wire,"allow connect the blue wire to 
the neutral pin and the yellow 
and green wire to the earth pin.
allow swap the earth and neutral 
wires
ignore the earth wire and neutral 
wire are wrongly connected",2,2,2,2,True,Figure 1,False,,AQA-8464P1H-QP-NOV20.PDF,AQA-8464P1H-W-MS-NOV20.PDF,['Figure 1'],[],https://drive.google.com/file/d/10sSioqZHNAlwjKnH-03mc0x8I4Qj5qOq/view
NOV20,"AQA GCSE Combined Science: Physics Paper 1H, 2020",2020,1,1.2,short answer,2,AO1,"6.2.3.1, 6.2.3.2","The correctly wired plug and cable connects a washing machine to the mains electricity supply.
Give the potential difference and frequency of the mains electricity supply in the UK.
The potential difference is ____ V
The frequency is ____ Hz","230 (V)
50 (Hz)",,3,3,2,2,False,,False,,AQA-8464P1H-QP-NOV20.PDF,AQA-8464P1H-W-MS-NOV20.PDF,[],[],https://drive.google.com/file/d/10sSioqZHNAlwjKnH-03mc0x8I4Qj5qOq/view
NOV20,"AQA GCSE Combined Science: Physics Paper 1H, 2020",2020,1,1.3,short answer,1,AO1,6.2.3.2,"The washing machine is switched on.
What is the potential difference between the neutral wire and the earth wire?
Potential difference = ____ V",0 (V),,3,3,2,2,False,,False,,AQA-8464P1H-QP-NOV20.PDF,AQA-8464P1H-W-MS-NOV20.PDF,[],[],https://drive.google.com/file/d/10sSioqZHNAlwjKnH-03mc0x8I4Qj5qOq/view
NOV20,"AQA GCSE Combined Science: Physics Paper 1H, 2020",2020,1,1.4,short answer,1,AO1,6.2.1.1,"The plug has a fuse.
Draw the circuit symbol for a fuse in the space below.",,,3,3,2,2,False,,False,,AQA-8464P1H-QP-NOV20.PDF,AQA-8464P1H-W-MS-NOV20.PDF,[],[],https://drive.google.com/file/d/10sSioqZHNAlwjKnH-03mc0x8I4Qj5qOq/view
NOV20,"AQA GCSE Combined Science: Physics Paper 1H, 2020",2020,1,1.5,short answer,2,AO3,6.2.3.2,"The washing machine has a metal case.
A fault causes the live wire to make an electrical connection with the metal case of the washing machine.
The earth wire is not connected to the metal case of the washing machine.
Explain why it would not be safe for a person to touch the metal case.","the person could get an electric shock
because there is a current in the person","allow so the person could be 
electrocuted
allow because the person 
provides a connection (from the 
washing machine) to earth
allow because there is a 
potential difference across the 
person",4,4,2,2,False,,False,,AQA-8464P1H-QP-NOV20.PDF,AQA-8464P1H-W-MS-NOV20.PDF,[],[],https://drive.google.com/file/d/10sSioqZHNAlwjKnH-03mc0x8I4Qj5qOq/view
NOV20,"AQA GCSE Combined Science: Physics Paper 1H, 2020",2020,1,1.6,short answer,2,AO3,6.2.3.2,"The earth wire is now connected to the metal case of the washing machine.
Explain why it would now be safe for a person to touch the metal case, even if the live wire touches the metal case.","the charge flows through the earth wire (instead of the person)
because the resistance of the earth wire is much less than that of a person","allow so the case does not 
become live
allow so the fuse will break / 
melt / blow",4,4,2,2,False,,False,,AQA-8464P1H-QP-NOV20.PDF,AQA-8464P1H-W-MS-NOV20.PDF,[],[],https://drive.google.com/file/d/10sSioqZHNAlwjKnH-03mc0x8I4Qj5qOq/view
NOV20,"AQA GCSE Combined Science: Physics Paper 1H, 2020",2020,2,2.1,multiple choice,1,AO2,6.4.2.2,"Different radioactive isotopes emit different types of nuclear radiation.
A polonium-210 (Po) nucleus emits an alpha particle (α) and turns into a lead (Pb) nucleus.
This can be represented by the equation:

What is the value of A in the equation?
Tick (✓) one box.
| □ | A = 206 |
| □ | A = 208 |
| □ | A = 210 |
| □ | A = 211 |",A = 206,,5,5,5,5,False,,False,,AQA-8464P1H-QP-NOV20.PDF,AQA-8464P1H-W-MS-NOV20.PDF,[],[],https://drive.google.com/file/d/1PWToiyX1XTHr00JKlsU2nEZm-Lk9Zlmc/view
NOV20,"AQA GCSE Combined Science: Physics Paper 1H, 2020",2020,2,2.2,multiple choice,1,AO2,6.4.2.2,"What is the value of Z in the equation?
Tick (✓) one box.
| □ | Z = 80 |
| □ | Z = 82 |
| □ | Z = 85 |
| □ | Z = 86 |",Z = 82,,5,5,5,5,False,,False,,AQA-8464P1H-QP-NOV20.PDF,AQA-8464P1H-W-MS-NOV20.PDF,[],[],https://drive.google.com/file/d/1PWToiyX1XTHr00JKlsU2nEZm-Lk9Zlmc/view
NOV20,"AQA GCSE Combined Science: Physics Paper 1H, 2020",2020,2,2.3,short answer,2,AO2,6.4.2.2,"A strontium-89 nucleus (Sr) emits a beta particle (β) and turns into an yttrium nucleus (Y).
This can be represented by the equation:
What are the values of A and Z in the equation?
A = ____
Z = ____","89
39",numbers must be in this order,6,6,5,5,False,,False,,AQA-8464P1H-QP-NOV20.PDF,AQA-8464P1H-W-MS-NOV20.PDF,[],[],https://drive.google.com/file/d/1PWToiyX1XTHr00JKlsU2nEZm-Lk9Zlmc/view
NOV20,"AQA GCSE Combined Science: Physics Paper 1H, 2020",2020,2,2.4,multiple choice,1,AO1,6.4.2.1,"Gamma radiation is another type of nuclear radiation.
What does gamma radiation consist of?
Tick (✓) one box.
| □ | High energy neutrons |
| □ | Electromagnetic waves |
| □ | Particles with no charge |
| □ | Positively charged ions |",electromagnetic waves,,6,6,5,5,False,,False,,AQA-8464P1H-QP-NOV20.PDF,AQA-8464P1H-W-MS-NOV20.PDF,[],[],https://drive.google.com/file/d/1PWToiyX1XTHr00JKlsU2nEZm-Lk9Zlmc/view
NOV20,"AQA GCSE Combined Science: Physics Paper 1H, 2020",2020,2,2.5,extended response,6,AO1,"6.4.1.2, 6.4.2.1, 6.4.2.2","Explain the differences between the properties of alpha, beta and gamma radiations.","Level 3: Relevant points (reasons/causes) are identified, given in detail and logically linked to form a clear account.  
Level 2: Relevant points (reasons/causes) are identified, and there are attempts at logical linking. The resulting account is not fully clear.  
Level 1: Points are identified and stated simply, but their relevance is not clear and there is no attempt at logical linking.  
No relevant content  

Indicative content
alpha radiation
• an alpha particle is the same as a helium nucleus
• alpha is the least penetrating
• alpha is stopped by paper or skin
• alpha has the shortest range in air
• alpha will travel a few cm in air
• because alpha is most ionising
• because alpha has a charge of +2
beta radiation
• a beta particle is an electron (emitted from the nucleus)
• beta penetrates less than gamma and more than alpha
• beta is stopped by a thin sheet of aluminium
• beta has a shorter range than gamma
• beta will travel up to 1m in air
• because beta is more ionising that gamma and less ionising than alpha
• because beta has a charge of -1
gamma radiation
• gamma radiation is an electromagnetic wave
• gamma is the most penetrating
• gamma is reduced/stopped by several cm of lead or thick concrete
• gamma has the largest range in air
• gamma will travel very large distances in air
• because gamma is least ionising
• because is uncharged","to access level 3 the answer should compare alpha, beta and 
gamma radiation and provide some explanation of their properties",7,7,6,7,False,,False,,AQA-8464P1H-QP-NOV20.PDF,AQA-8464P1H-W-MS-NOV20.PDF,[],[],https://drive.google.com/file/d/1PWToiyX1XTHr00JKlsU2nEZm-Lk9Zlmc/view
NOV20,"AQA GCSE Combined Science: Physics Paper 1H, 2020",2020,3,3.1,short answer,3,AO1,"6.2.1.3, 6.2.1.4, RPA 15","A student investigated how the resistance of a piece of wire varies with its length.
Figure 2 shows the circuit used.

Figure 2

Explain why the student needed to adjust the variable resistor each time she changed the length of the wire.","(the variable resistor) changes the resistance of the circuit
to keep the current the same
so the temperature of the wire is kept constant","allow to control the temperature 
of the wire",9,9,9,9,True,Figure 2,False,,AQA-8464P1H-QP-NOV20.PDF,AQA-8464P1H-W-MS-NOV20.PDF,['Figure 2'],[],https://drive.google.com/file/d/165OcW9S063SUmAQb606BRnBLpOmHotSI/view
NOV20,"AQA GCSE Combined Science: Physics Paper 1H, 2020",2020,3,3.2,calculation,2,AO2,"6.2.1.3, RPA 15","The student recorded three measurements of the potential difference across a 0.10 m length of wire.
Table 1 shows the results.

Table 1

| Length in m | Potential difference in V |
|-------------|-------------------------|
|             | 1   | 2    | 3    | Mean |
| 0.10        | X   | 0.18 | 0.15 | 0.17 |

Calculate X in Table 1.
X = ____ V","0.17 = X + 0.18 + 0.15
X = 0.17 - 0.18 - 0.15
X = (3 × 0.17) – 0.18 – 0.15
X = 0.18 (V)",allow X = 3 × 0.17 – 0.18-0.15,10,10,10,10,False,,True,Table 1,AQA-8464P1H-QP-NOV20.PDF,AQA-8464P1H-W-MS-NOV20.PDF,[],['Table 1'],https://drive.google.com/file/d/165OcW9S063SUmAQb606BRnBLpOmHotSI/view
NOV20,"AQA GCSE Combined Science: Physics Paper 1H, 2020",2020,3,3.3,short answer,2,AO1,"6.2.1.3, RPA 15","Figure 3 shows the results for five different lengths of the wire.

Figure 3

Describe the relationship between the length of the wire and the resistance of the wire.",resistance is directly proportional to length,"allow length is directly 
proportional to resistance
allow as length increases 
resistance increases for 1 mark
allow positive correlation for 1 
mark",11,11,11,11,True,Figure 3,False,,AQA-8464P1H-QP-NOV20.PDF,AQA-8464P1H-W-MS-NOV20.PDF,['Figure 3'],[],https://drive.google.com/file/d/165OcW9S063SUmAQb606BRnBLpOmHotSI/view
NOV20,"AQA GCSE Combined Science: Physics Paper 1H, 2020",2020,3,3.4,calculation,4,AO3,6.2.1.3,"A glucometer uses the resistance of a blood sample to calculate the glucose concentration in a person’s blood.
A blood sample is put into a small tube, which is put inside the glucometer. The blood then acts like a resistance wire.
Figure 4 shows the relationship between the resistance of a blood sample and the glucose concentration.

Figure 4

The glucometer applies a potential difference of 0.90 volts across a blood sample.
The glucose concentration of the blood sample is 0.98 grams/litre.
Determine the current in the blood sample.
Current = ____ A","resistance = 7.5 (Ω)
0.90 = I × 7.5
I = 0.90 / 7.5
I = 0.12 (A)","allow a range from 7.4 to 7.6
allow their value of R read from 
the graph correctly substituted
allow a correct re-arrangement 
using their value of R read from 
the graph
allow a value consistent with 
their value of R read from the 
graph ",13,13,13,13,True,Figure 4,False,,AQA-8464P1H-QP-NOV20.PDF,AQA-8464P1H-W-MS-NOV20.PDF,['Figure 4'],[],https://drive.google.com/file/d/165OcW9S063SUmAQb606BRnBLpOmHotSI/view
NOV20,"AQA GCSE Combined Science: Physics Paper 1H, 2020",2020,3,3.5,short answer,2,AO3,6.2.1.3,"A new tube is used each time a blood sample is tested.
Explain why valid results are only obtained if each tube is identical.","the length/width/volume (of the blood sample) affects the resistance of the blood sample
so only glucose concentration affects resistance","allow length/width/volume (of 
the blood sample) should be a 
control variable
allow shape/size of the tube 
should be a control variable
ignore amount of blood",13,13,13,13,False,,False,,AQA-8464P1H-QP-NOV20.PDF,AQA-8464P1H-W-MS-NOV20.PDF,[],[],https://drive.google.com/file/d/165OcW9S063SUmAQb606BRnBLpOmHotSI/view
NOV20,"AQA GCSE Combined Science: Physics Paper 1H, 2020",2020,4,4.1,multiple choice,1,AO1,6.1.3,"Figure 5 shows a wood-fired hot tub.

Figure 5

What type of fuel is wood?
Tick (✓) one box.
| □ | A non-renewable biofuel |
| □ | A non-renewable fossil fuel |
| □ | A renewable biofuel |
| □ | A renewable fossil fuel |",a renewable biofuel,,14,14,14,14,True,Figure 5,False,,AQA-8464P1H-QP-NOV20.PDF,AQA-8464P1H-W-MS-NOV20.PDF,['Figure 5'],[],https://drive.google.com/file/d/1MuC36unz_Gcn7N_wSYg0xkkAfwSNIfiP/view
NOV20,"AQA GCSE Combined Science: Physics Paper 1H, 2020",2020,4,4.2,short answer,2,AO1,6.1.3,"Give two environmental effects of using wood as an energy resource.
1 ____________________
2 ____________________","any two from
• burning wood causes air pollution
• burning wood may lead to de-forestation
• destruction of habitats
• burning wood is carbon-neutral","allow creates smoke
ignore cutting down trees
allow does not contribute to 
global warming or the 
greenhouse effect or climate 
change",14,14,14,14,False,,False,,AQA-8464P1H-QP-NOV20.PDF,AQA-8464P1H-W-MS-NOV20.PDF,[],[],https://drive.google.com/file/d/1MuC36unz_Gcn7N_wSYg0xkkAfwSNIfiP/view
NOV20,"AQA GCSE Combined Science: Physics Paper 1H, 2020",2020,4,4.3,short answer,3,AO1,6.1.1.1,"Describe the change to the stores of energy of the wood, pipe and water as the water is heated.
Wood ____________________
Pipe ____________________
Water ____________________","the chemical store of energy of the wood decreases
the internal/thermal store of energy of the pipe increases
the internal/thermal store of energy of the water increases","both the store of energy and 
what happens to the store are 
required",15,15,15,15,False,,False,,AQA-8464P1H-QP-NOV20.PDF,AQA-8464P1H-W-MS-NOV20.PDF,[],[],https://drive.google.com/file/d/1MuC36unz_Gcn7N_wSYg0xkkAfwSNIfiP/view
NOV20,"AQA GCSE Combined Science: Physics Paper 1H, 2020",2020,4,4.4,short answer,2,AO2,6.1.2.1,"The temperature of the water reaches 42 °C
The temperature then stays constant even though the fire continues to burn.
Explain why the temperature of the water stays constant.","energy is dissipated (to the surroundings)
at the same rate that energy is transferred to the water","allow energy is transferred/lost 
to the surroundings",15,15,15,15,False,,False,,AQA-8464P1H-QP-NOV20.PDF,AQA-8464P1H-W-MS-NOV20.PDF,[],[],https://drive.google.com/file/d/1MuC36unz_Gcn7N_wSYg0xkkAfwSNIfiP/view
NOV20,"AQA GCSE Combined Science: Physics Paper 1H, 2020",2020,5,5.1,multiple choice,1,AO1,6.3.1.1,"Ice cream is made by cooling a mixture of liquid ingredients until they freeze.
Which statement describes the motion of the particles in solid ice cream?
Tick (✓) one box.
| □ | They are stationary. |
| □ | They move freely. |
| □ | They vibrate about fixed positions. |",they vibrate about fixed positions.,,16,16,16,16,False,,False,,AQA-8464P1H-QP-NOV20.PDF,AQA-8464P1H-W-MS-NOV20.PDF,[],[],https://drive.google.com/file/d/1hnbF_FjKsAPa5h7QCPGhltsKnSFSU362/view
NOV20,"AQA GCSE Combined Science: Physics Paper 1H, 2020",2020,5,5.2,multiple choice,1,AO1,6.3.2.1,"How do the kinetic energy and the potential energy of the particles change as a liquid is cooled and frozen?
Tick (✓) one box.
| □ | Decreases | Decreases |
| □ | Decreases | Does not change |
| □ | Does not change| Decreases |
| □ | Does not change| Does not change |","kinetic energy decreases
potential energy decreases",,16,16,16,16,False,,False,,AQA-8464P1H-QP-NOV20.PDF,AQA-8464P1H-W-MS-NOV20.PDF,[],[],https://drive.google.com/file/d/1hnbF_FjKsAPa5h7QCPGhltsKnSFSU362/view
NOV20,"AQA GCSE Combined Science: Physics Paper 1H, 2020",2020,5,5.3,extended response,4,AO2,6.1.2.1,"Figure 6 shows a bowl used for making ice cream.
The walls of the bowl contain a liquid coolant.
The bowl is cooled to –20 °C before the mixture is put in the bowl.
The bowl causes the mixture to cool down and freeze.

Figure 6

Explain why the different thermal conductivities of metal and plastic are important in the design of the bowl.
Metal ____________________
Plastic ____________________","metal: has a high thermal conductivity 
which increases the rate of energy transfer from the mixture
plastic: has a low thermal conductivity 
which reduces the rate of energy transfer from the surroundings (to the liquid coolant at –20°C)","allow ice cream for mixture
ignore references to insulation 
throughout",17,17,17,17,True,Figure 6,False,,AQA-8464P1H-QP-NOV20.PDF,AQA-8464P1H-W-MS-NOV20.PDF,['Figure 6'],[],https://drive.google.com/file/d/1hnbF_FjKsAPa5h7QCPGhltsKnSFSU362/view
NOV20,"AQA GCSE Combined Science: Physics Paper 1H, 2020",2020,5,5.4,short answer,2,AO2,6.3.2.2,"The liquid coolant has a freezing point below –20 °C
Explain one other property that the liquid coolant should have.","a high specific heat capacity
so it can absorb a large amount of energy with only a small temperature change",,18,18,18,18,False,,False,,AQA-8464P1H-QP-NOV20.PDF,AQA-8464P1H-W-MS-NOV20.PDF,[],[],https://drive.google.com/file/d/1hnbF_FjKsAPa5h7QCPGhltsKnSFSU362/view
NOV20,"AQA GCSE Combined Science: Physics Paper 1H, 2020",2020,5,5.5,calculation,6,AO2,"6.3.2.2, 6.3.2.3, 6.1.1.3","The initial temperature of the mixture was +20 °C. The mixture froze at –1.5 °C.
A total of 165 kJ of internal energy was transferred from the mixture to cool and freeze it.
specific heat capacity of the mixture = 3500 J/kg °C
specific latent heat of fusion of the mixture = 255 000 J/kg
Calculate the mass of the mixture.
Give your answer to 2 significant figures.
Mass (2 significant figures) = ____ kg","165 kJ = 165000 J
ΔE = m × 3500 × 21.5
ΔE = m × 75250
and
ΔE = m × 255000
165000 = 75250 m + 255000 m
or
165000 = 330250 m
m = 165000 / (75250 + 255000)
or
m = 165000 / 330250
m = 0.499621 (kg)
m = 0.50 (kg)","this mark may be awarded if E is 
incorrectly/not converted
this mark may be awarded if E is 
incorrectly/not converted
allow an answer consistent with 
their value of E
this answer only
If no marks awarded other than 
the first marking point:
either
165 000 = m × 3500 × 21.5 
scores 1 mark
m = 2.192… scores 1 mark
m = 2.2 (kg) scores 1 mark.
these marks may be awarded if 
E is incorrectly/not converted
or
165 000 = m × 255 000 scores 1 
mark
m = 0.647 scores 1 mark
m = 0.65kg scores 1 mark.
these marks may be awarded if 
E is incorrectly/not converted",19,19,19,19,False,,False,,AQA-8464P1H-QP-NOV20.PDF,AQA-8464P1H-W-MS-NOV20.PDF,[],[],https://drive.google.com/file/d/1hnbF_FjKsAPa5h7QCPGhltsKnSFSU362/view
NOV20,"AQA GCSE Combined Science: Physics Paper 1H, 2020",2020,6,6.1,short answer,1,AO1,6.4.2.3,"A student modelled radioactive decay by rolling some dice in a tray.
Dice that landed on the number six were removed from the tray.
The removed dice represent nuclei that have decayed.
Why is rolling dice a suitable model for radioactive decay?",both are random processes,"allow rolling dice is a random 
process
allow radioactive decay is a 
random process",20,20,20,20,False,,False,,AQA-8464P1H-QP-NOV20.PDF,AQA-8464P1H-W-MS-NOV20.PDF,[],[],https://drive.google.com/file/d/10jrAb-h3nWt50RC429yQFfGVNKWYqwDf/view
NOV20,"AQA GCSE Combined Science: Physics Paper 1H, 2020",2020,6,6.2,calculation,3,AO2,6.4.2.3,"The student rolled 144 dice and removed all those that landed on the number six.
The student rolled the remaining dice and again removed all those that landed on the number six.
When the student had rolled the dice 20 times there were 9 dice left.
Calculate the most likely number of times that the student had rolled the dice before the number of dice had halved.
You should show how you work out your answer.
Answer = ____ rolls of the dice","144 → 72 → 36 → 18 → 9
4 half lives

20^4 = 5 (rolls of the dice)","allow the probability of not 
getting a 6 is 5/6 
allow 144 × (5/6)4 = 69 
allow 69 is closest to 72 so 4 
(rolls of the dice) 
some credible working must be 
shown to gain this mark",20,20,20,20,False,,False,,AQA-8464P1H-QP-NOV20.PDF,AQA-8464P1H-W-MS-NOV20.PDF,[],[],https://drive.google.com/file/d/10jrAb-h3nWt50RC429yQFfGVNKWYqwDf/view
NOV20,"AQA GCSE Combined Science: Physics Paper 1H, 2020",2020,6,6.3,short answer,2,AO1,6.4.2.3,"The number of times the dice have to be rolled to halve the original number of dice in the tray represents the half-life.
Figure 7 shows an eight-sided dice and a six-sided dice.

Figure 7

The student now used eight-sided dice to model radioactive decay. Dice that landed on the number six were again removed from the tray.
The half-life represented by rolling eight-sided dice is likely to be different from the half-life represented by rolling six-sided dice.
Explain how.","a dice with 8 sides will have a smaller chance of decay (in one roll)
so dice with 8 sides have a greater half-life","allow answers in terms of the 6-
sided dice or in terms of more or 
fewer sides.
allow the 8 sided dice has a 1/8 
chance of decay, whereas the 6 
sided dice has a 1/6 chance of 
decay",21,21,21,21,True,Figure 7,False,,AQA-8464P1H-QP-NOV20.PDF,AQA-8464P1H-W-MS-NOV20.PDF,['Figure 7'],[],https://drive.google.com/file/d/10jrAb-h3nWt50RC429yQFfGVNKWYqwDf/view
NOV20,"AQA GCSE Combined Science: Physics Paper 1H, 2020",2020,6,6.4,short answer,1,AO1,6.4.2.3,"A teacher has two radioactive sources, A and B.
Source A has a longer half-life than source B.
What can be deduced about the nuclei in source A compared with the nuclei in source B?
Do not refer to isotopes in your answer.",nuclei in source A are more stable than nuclei in source B,"allow nuclei in source A are less 
likely to decay (in a given time 
period) ",21,21,21,21,False,,False,,AQA-8464P1H-QP-NOV20.PDF,AQA-8464P1H-W-MS-NOV20.PDF,[],[],https://drive.google.com/file/d/10jrAb-h3nWt50RC429yQFfGVNKWYqwDf/view
NOV20,"AQA GCSE Combined Science: Physics Paper 1H, 2020",2020,7,7.1,extended response,3,AO3,6.1.2.2,"Kangaroos are large animals that travel by jumping.
Figure 8 shows a kangaroo.

Figure 8

Each leg of a kangaroo has a tendon connected to a muscle. Each tendon can be modelled as a spring.
When a jumping kangaroo lands on the ground, the tendons stretch.

Figure 9 shows a sketch graph of how the maximum tendon length during a jump changes with the speed of the kangaroo.

Figure 9

Explain why a kangaroo can jump higher as its speed increases.","the (maximum tendon) extension increases (as speed increases)
so the elastic potential energy increases
which is transferred to gravitational potential energy","allow the tendons stretch more 
(as speed increases) 
allow so the (elastic) force 
increases",22,23,22,23,True,"Figure 8, Figure 9",False,,AQA-8464P1H-QP-NOV20.PDF,AQA-8464P1H-W-MS-NOV20.PDF,"['Figure 8', 'Figure 9']",[],https://drive.google.com/file/d/1l8Z8ZwAjl--Lu73-iVjdFGNPyVn_Y-Fk/view
NOV20,"AQA GCSE Combined Science: Physics Paper 1H, 2020",2020,7,7.2,calculation,5,AO2,6.1.1.2,"A kangaroo has a maximum gravitational potential energy during one jump of 770 J
When the kangaroo lands on the ground 14% of the maximum gravitational potential energy is transferred to elastic potential energy in one tendon.
The tendon has an unstretched length of 35.0 cm
When the kangaroo lands on the ground the tendon stretches to a length of 42.0 cm
Calculate the spring constant of the tendon.
Spring constant = ____ N/m","E = 770 × 0.14
extension = 0.070 m
107.8 = 0.5 × k × (0.070)^2
k = (2 × 107.8) / (0.070^2)
k = 44 000 (N/m)","allow E = 107.8 (J)
this mark may be awarded if 
extension is incorrectly/not 
converted and/or if the efficiency 
equation has not been applied
this mark may be awarded if 
extension is incorrectly/not 
converted and/or if the efficiency 
equation has not been applied
this mark may be awarded if 
extension is incorrectly/not 
converted
this mark may not be awarded if 
the efficiency equation has not 
been applied",24,24,24,24,False,,False,,AQA-8464P1H-QP-NOV20.PDF,AQA-8464P1H-W-MS-NOV20.PDF,[],[],https://drive.google.com/file/d/1l8Z8ZwAjl--Lu73-iVjdFGNPyVn_Y-Fk/view
NOV21,"AQA GCSE Combined Science: Physics Paper 1H, 2021",2021,1,1.1,multiple choice,1,AO1,6.2.1.3,"Figure 1 shows a mobile phone with its battery removed.
Figure 1
A student measured the potential difference across the battery and then put the battery into the phone.
What is the equation linking current (I), potential difference (V) and resistance (R)?
[1 mark]
Tick (✓) one box.
|   |    |
|---|----|
| ☐ | I = V R |
| ☐ | R = I V |
| ☐ | V = I R |
| ☐ | V = I 2 R |",V = I R,,3,3,3,3,True,Figure 1,False,,AQA-8464P1H-QP-NOV21.PDF,AQA-8464P1H-MS-NOV21.PDF,['Figure 1'],[],
NOV21,"AQA GCSE Combined Science: Physics Paper 1H, 2021",2021,1,1.2,calculation,3,AO2,6.2.1.3,"The current in the electronic circuit in the mobile phone was 0.12 A.
The potential difference across the battery was 3.9 V.
Calculate the resistance of the electronic circuit in the mobile phone.
[3 marks]
Resistance = ____ Ω","3.9 = 0.12 × R
R = 3.9 / 0.12
R = 32.5 (Ω) allow R = 33 (Ω)",,4,4,3,3,False,,False,,AQA-8464P1H-QP-NOV21.PDF,AQA-8464P1H-MS-NOV21.PDF,[],[],
NOV21,"AQA GCSE Combined Science: Physics Paper 1H, 2021",2021,1,1.3,short answer,1,AO1,6.2.4.2,"Write down the equation which links energy (E), power (P) and time (t).
[1 mark]","energy = power × time
or
E = P t",,5,5,3,3,False,,False,,AQA-8464P1H-QP-NOV21.PDF,AQA-8464P1H-MS-NOV21.PDF,[],[],
NOV21,"AQA GCSE Combined Science: Physics Paper 1H, 2021",2021,1,1.4,calculation,3,AO2,6.2.4.2,"The battery was fully charged when it was put into the mobile phone.
The battery discharged when the mobile phone was switched on.
The average power output of the battery as it discharged was 0.46 watts.
The time taken to fully discharge the battery was 2500 minutes.
Calculate the energy transferred by the battery.
[3 marks]
Energy transferred = ____ J","time = 150 000 s
energy = 0.46 × 150 000
energy = 69 000 (J)
allow a substitution using an incorrectly/not converted value of time
allow a correct calculation using an incorrectly/not converted value of time","allow a substitution using an 
incorrectly/not converted value 
of time
allow a correct calculation using 
an incorrectly/not converted 
value of time",5,5,3,3,False,,False,,AQA-8464P1H-QP-NOV21.PDF,AQA-8464P1H-MS-NOV21.PDF,[],[],
NOV21,"AQA GCSE Combined Science: Physics Paper 1H, 2021",2021,1,1.5,short answer,1,AO1,6.2.1.1,"The mobile phone includes a sensor to monitor the temperature of the battery.
Figure 2 shows the circuit symbol for a component used in the sensor.
Figure 2
What component does the circuit symbol shown in Figure 2 represent?
[1 mark]",thermistor,,6,6,3,3,True,Figure 2,False,,AQA-8464P1H-QP-NOV21.PDF,AQA-8464P1H-MS-NOV21.PDF,['Figure 2'],[],
NOV21,"AQA GCSE Combined Science: Physics Paper 1H, 2021",2021,1,1.6,short answer,2,AO1,6.2.1.4,"The temperature of the component in Figure 2 increases.
The potential difference across the component remains constant.
Explain what happens to the current in the component.
[2 marks]","the current will increase
(because) the resistance decreases",,6,6,3,3,True,Figure 2,False,,AQA-8464P1H-QP-NOV21.PDF,AQA-8464P1H-MS-NOV21.PDF,['Figure 2'],[],
NOV21,"AQA GCSE Combined Science: Physics Paper 1H, 2021",2021,2,2.1,multiple choice,1,AO1,6.4.1.1,"A radioactive source emits alpha, beta and gamma radiation.
An alpha particle is the same as a helium nucleus.
How many times bigger is the radius of a helium atom than the radius of an alpha particle?
[1 mark]
Tick (✓) one box.
|   |    |
|---|----|
| ☐ | Less than 100 times bigger |
| ☐ | Exactly 5000 times bigger |
| ☐ | More than 10 000 times bigger |",more than 10 000 times bigger,,7,7,7,7,False,,False,,AQA-8464P1H-QP-NOV21.PDF,AQA-8464P1H-MS-NOV21.PDF,[],[],https://drive.google.com/file/d/1eERoxdz11vT3KX34YMwQXk3s4a93L_lr/view
NOV21,"AQA GCSE Combined Science: Physics Paper 1H, 2021",2021,2,2.2,multiple choice,2,AO1,6.4.1.2,"Alpha particles can ionise atoms in the air.
What happens to an atom when it is ionised by an alpha particle?
[2 marks]
Tick (✓) two boxes.
|   |    |
|---|----|
| ☐ | A neutron in the atom becomes a proton. |
| ☐ | The atom becomes a positive ion. |
| ☐ | The atom gains a neutron. |
| ☐ | The atom gains a proton. |
| ☐ | The atom loses an electron. |","the atom becomes a positive ion
the atom loses an electron",,7,7,7,7,False,,False,,AQA-8464P1H-QP-NOV21.PDF,AQA-8464P1H-MS-NOV21.PDF,[],[],https://drive.google.com/file/d/1eERoxdz11vT3KX34YMwQXk3s4a93L_lr/view
NOV21,"AQA GCSE Combined Science: Physics Paper 1H, 2021",2021,2,2.3,short answer,1,AO3,6.4.2.1,"A spark detector is a device that can be used to detect alpha radiation.
A spark detector works by alpha particles ionising atoms in the air near a wire mesh.
A large potential difference creates a spark when the air near the wire mesh is ionised.
Suggest why a spark detector cannot detect beta radiation.
[1 mark]",beta radiation is only weakly ionising,,8,8,8,8,False,,False,,AQA-8464P1H-QP-NOV21.PDF,AQA-8464P1H-MS-NOV21.PDF,[],[],https://drive.google.com/file/d/1eERoxdz11vT3KX34YMwQXk3s4a93L_lr/view
NOV21,"AQA GCSE Combined Science: Physics Paper 1H, 2021",2021,2,2.4,extended response,6,AO3,6.4.2.1,"A teacher wants to demonstrate that the radioactive source emits alpha, beta and gamma radiation.
Figure 3 shows the equipment the teacher has.
Figure 3
Describe a method the teacher could use.
[6 marks]","Level 3: The method would lead to the production of a valid outcome. The key steps are identified and logically sequenced.
Level 2: The method would not necessarily lead to a valid outcome. Most steps are identified, but the method is not fully logically sequenced.
Level 1: The method would not lead to a valid outcome. Some relevant steps are identified, but links are not made clear.
No relevant content

Indicative content
• move the detector very close to the source
• record the count rate
• position the paper between the source and the detector
• record the new count rate
• alpha radiation will not penetrate through paper
• if the count rate with the paper is (significantly) less than without then the source emits alpha radiation
• remove the paper and position the aluminium between the source and the detector
• record the new count rate
• (alpha and) beta radiation will not penetrate through the aluminium
• if the count rate has (significantly) reduced compared with using paper then beta radiation is present
• if radiation penetrates through the aluminium then gamma radiation is present
• the experiment should be repeated and mean results calculated because radioactivity is a random process

To access level 3, the candidate must use the paper sheet, the aluminium sheet and no sheet, and describe how the results would indicate the presence of alpha, beta or gamma radiation.",,9,10,9,10,True,Figure 3,False,,AQA-8464P1H-QP-NOV21.PDF,AQA-8464P1H-MS-NOV21.PDF,['Figure 3'],[],https://drive.google.com/file/d/1eERoxdz11vT3KX34YMwQXk3s4a93L_lr/view
NOV21,"AQA GCSE Combined Science: Physics Paper 1H, 2021",2021,3,3.1,short answer,1,AO1,6.1.3,"Figure 4 shows a sailing boat crossing an ocean. 
Figure 4
There is a wind turbine on the boat.
The wind turbine generates electricity to charge a battery on the boat.
Name one other renewable energy resource that could be used on the boat to generate electricity.
[1 mark]","solar
allow biofuel / biodiesel
allow wave power","allow biofuel / biodiesel 
allow wave power",10,10,10,10,True,Figure 4,False,,AQA-8464P1H-QP-NOV21.PDF,AQA-8464P1H-MS-NOV21.PDF,['Figure 4'],[],https://drive.google.com/file/d/1nv5Jb2i0vRvzBiRRZzsgmpCGowl0mOZD/view
NOV21,"AQA GCSE Combined Science: Physics Paper 1H, 2021",2021,3,3.2,short answer,2,AO1,6.1.3,"The boat also has a generator that burns a fossil fuel.
The battery can be charged by either the wind turbine or the generator.
Give two reasons why this is useful.
[2 marks]
1
____
2
____","sometimes there is no wind (but the battery can still be charged using the generator)
when there is wind less fuel is burned
allow if the generator breaks then the turbine can still generate electricity
allow a disadvantage of burning fossil fuel","allow if the generator breaks 
then the turbine can still 
generate electricity
allow a disadvantage of burning 
fossil fuel",10,11,10,10,True,Figure 4,False,,AQA-8464P1H-QP-NOV21.PDF,AQA-8464P1H-MS-NOV21.PDF,['Figure 4'],[],https://drive.google.com/file/d/1nv5Jb2i0vRvzBiRRZzsgmpCGowl0mOZD/view
NOV21,"AQA GCSE Combined Science: Physics Paper 1H, 2021",2021,3,3.3,short answer,2,AO1,6.1.3,"Explain one environmental impact of using fossil fuels to generate electricity.
[2 marks]","carbon dioxide increases global warming
OR
sulfur dioxide or NOx emissions (1) increases acid rain (1)
OR
particulates or NOx emissions (1) can harm living organisms (1)
allow increases the greenhouse effect","allow increases the greenhouse 
effect",11,11,10,10,False,,False,,AQA-8464P1H-QP-NOV21.PDF,AQA-8464P1H-MS-NOV21.PDF,[],[],https://drive.google.com/file/d/1nv5Jb2i0vRvzBiRRZzsgmpCGowl0mOZD/view
NOV21,"AQA GCSE Combined Science: Physics Paper 1H, 2021",2021,3,3.4,calculation,4,AO2,6.1.1.2,"The kinetic energy of the boat is 81 kJ.
mass of boat = 8000 kg
Calculate the speed of the boat.
[4 marks]
Speed = ____ m/s","81 kJ = 81 000 J
81000 = 0.5 × 8000 × v^2
v^2 = 81000 / (0.5 × 8000)
v = √[81000 / (0.5 × 8000)]
v = 4.5 (m/s)
allow a correct substitution using an incorrectly/not converted value of energy
allow a correct re-arrangement using an incorrectly/not converted value of energy
allow a correct calculation using an incorrectly/not converted value of energy","allow a correct substitution using
an incorrectly/not converted 
value of energy
allow a correct re-arrangement 
using an incorrectly/not 
converted value of energy
allow a correct calculation using 
an incorrectly/not converted 
value of energy",11,11,11,11,False,,False,,AQA-8464P1H-QP-NOV21.PDF,AQA-8464P1H-MS-NOV21.PDF,[],[],https://drive.google.com/file/d/1nv5Jb2i0vRvzBiRRZzsgmpCGowl0mOZD/view
NOV21,"AQA GCSE Combined Science: Physics Paper 1H, 2021",2021,3,3.5,calculation,3,AO2,6.1.1.2,"As the boat passes over a wave, the gravitational potential energy of the boat increases by 19 600 J.
mass of boat = 8000 kg
gravitational field strength = 9.8 N/kg
Calculate the change in height of the centre of mass of the boat as it passes over the wave.
[3 marks]
Change in height = ____ m","19600 = 8000 × 9.8 × Δh
Δh = 19600 / (8000 × 9.8)
Δh = 0.25 m",,12,12,12,12,False,,False,,AQA-8464P1H-QP-NOV21.PDF,AQA-8464P1H-MS-NOV21.PDF,[],[],https://drive.google.com/file/d/1nv5Jb2i0vRvzBiRRZzsgmpCGowl0mOZD/view
NOV21,"AQA GCSE Combined Science: Physics Paper 1H, 2021",2021,4,4.1,short answer,1,AO1,"6.3.1.1, RPA17","A student determined the density of a cube made of bronze.
The student used a balance to measure the mass of the bronze cube.
Figure 5 shows the balance before the cube was added.
Figure 5
What type of error is shown on the balance?
[1 mark]","zero error
allow systematic error",allow systematic error,14,14,14,14,True,Figure 5,False,,AQA-8464P1H-QP-NOV21.PDF,AQA-8464P1H-MS-NOV21.PDF,['Figure 5'],[],
NOV21,"AQA GCSE Combined Science: Physics Paper 1H, 2021",2021,4,4.2,short answer,1,AO1,"6.3.1.1, RPA17","How could the student get a correct value for the mass of the cube from the balance?
[1 mark]","reset the balance to zero g
allow subtract the reading shown on the balance from the reading taken","allow subtract the reading 
shown on the balance from the 
reading taken",14,14,14,14,True,Figure 5,False,,AQA-8464P1H-QP-NOV21.PDF,AQA-8464P1H-MS-NOV21.PDF,['Figure 5'],[],
NOV21,"AQA GCSE Combined Science: Physics Paper 1H, 2021",2021,4,4.3,table completion,1,AO1,"6.3.1.1, RPA17","The student measured the length of the bronze cube using Vernier callipers and then using a micrometer.
Table 1 shows the results.
Table 1
| Equipment         | Length in mm |
|-------------------|--------------|
| Vernier callipers | 20.1         |
| Micrometer        | 20.14        |
Complete the sentence.
[1 mark]
The results in Table 1 show that the Vernier callipers and the micrometer have a different ____.","resolution
this answer only",this answer only,15,15,15,15,False,,True,Table 1,AQA-8464P1H-QP-NOV21.PDF,AQA-8464P1H-MS-NOV21.PDF,[],['Table 1'],
NOV21,"AQA GCSE Combined Science: Physics Paper 1H, 2021",2021,4,4.4,short answer,2,AO1,"6.3.1.1, RPA17","The student wanted to determine the density of a bronze coin.
The student had several identical coins.
The volume of each coin was very small.
The student added water to a measuring cylinder.
Figure 6 shows the student reading the volume of water in the measuring cylinder.
Figure 6
Give two changes the student should make to increase the accuracy of the volume measurement.
[2 marks]
1
____
2
____","place the measuring cylinder on a horizontal surface
view with eye in line with the level of the water
allow read from the bottom of the meniscus","allow read from the bottom of 
the meniscus",16,16,16,16,True,Figure 6,False,,AQA-8464P1H-QP-NOV21.PDF,AQA-8464P1H-MS-NOV21.PDF,['Figure 6'],[],
NOV21,"AQA GCSE Combined Science: Physics Paper 1H, 2021",2021,4,4.5,extended response,3,AO3,"6.3.1.1, RPA17","Describe how the student could use a displacement method to determine an accurate value for the volume of a single coin.
[3 marks]","add several coins to the measuring cylinder
measure the change in the water level in the measuring cylinder
divide by the number of coins added
allow a minimum of 5 coins if a number of coins is given","allow a minimum of 5 coins if a 
number of coins is given",17,17,17,17,False,,False,,AQA-8464P1H-QP-NOV21.PDF,AQA-8464P1H-MS-NOV21.PDF,[],[],
NOV21,"AQA GCSE Combined Science: Physics Paper 1H, 2021",2021,4,4.6,calculation,5,AO3,"6.3.1.1, RPA17","Old penny coins were made from a disc of bronze.
New penny coins are made from a disc of a different metal.
Figure 7 shows a disc of metal.
Figure 7
Table 2 shows information about the discs used to make each coin.
Table 2
| Disc       | Mass in g | Density in g/cm3 | Thickness in cm |
|------------|-----------|------------------|-----------------|
| Old penny  | 3.6       | 8.9              | 0.16            |
| New penny  | 3.6       | X                | 0.17            |
The discs used to make the old and the new coins have the same cross-sectional area.
Calculate value X in Table 2.
Give your answer to 2 significant figures.
The volume of a disc can be calculated using the equation:
volume of a disc = cross-sectional area × thickness
[5 marks]
Density (2 significant figures) = ____ g/cm3","8.9 = 3.6 / (area × 0.16)
area = 3.6 / (8.9 × 0.16)
density = 3.6 / (2.528 × 0.17)
density = 8.37… (g/cm^3)
density = 8.4 g/cm^3
allow 8.9 = 3.6 / volume
allow area = 2.5(28…) (cm^2)
allow 3.6 / (their calculated area × 0.17)
allow a correct calculation using their calculated area
this mark can only be scored for a correct rounding of a value of density calculated using correct equations","allow 8.9 = 3.6
volume
allow area = 2.5(28…) (cm2)
allow
3.6
their calculated area × 0.17
allow a correct calculation using
their calculated area 
this mark can only be scored for 
a correct rounding of a value of 
density calculated using correct 
equations",18,19,18,19,True,Figure 7,True,Table 2,AQA-8464P1H-QP-NOV21.PDF,AQA-8464P1H-MS-NOV21.PDF,['Figure 7'],['Table 2'],
NOV21,"AQA GCSE Combined Science: Physics Paper 1H, 2021",2021,5,5.1,calculation,4,AO2,6.2.4.1,"A TENS machine uses an electrical current to relieve pain.
Figure 8 shows the electrodes of a TENS machine connected across an ankle.
Figure 8
The maximum power of the TENS machine is 240 mW.
The potential difference across the battery in the TENS machine is 2.5 V.
Calculate the maximum current from the battery.
[4 marks]
Maximum current = ____ A","240 mW = 0.24 W
0.24 = 2.5 × I
I = 0.24 / 2.5
I = 0.096 (A)
allow a correct substitution using an incorrectly/not converted value of power
allow a correct re-arrangement using an incorrectly/not converted value of power
allow a correct calculation using an incorrectly/not converted value of power","allow a correct substitution using 
an incorrectly/not converted
value of power
allow a correct re-arrangement 
using an incorrectly/not 
converted value of power
allow a correct calculation using 
an incorrectly/not converted
value of power ",20,20,20,20,True,Figure 8,False,,AQA-8464P1H-QP-NOV21.PDF,AQA-8464P1H-MS-NOV21.PDF,['Figure 8'],[],
NOV21,"AQA GCSE Combined Science: Physics Paper 1H, 2021",2021,5,5.2,short answer,1,AO1,6.2.3.1,"Figure 9 is a sketch graph showing how the potential difference across the electrodes varies with time.
Figure 9
A student concluded that there was an alternating potential difference across the electrodes.
How does Figure 9 show that the student was not correct?
[1 mark]","because the potential difference is always positive
allow because potential difference does not change direction","allow because potential 
difference does not change 
direction",21,21,21,21,True,Figure 9,False,,AQA-8464P1H-QP-NOV21.PDF,AQA-8464P1H-MS-NOV21.PDF,['Figure 9'],[],
NOV21,"AQA GCSE Combined Science: Physics Paper 1H, 2021",2021,5,5.3,short answer,1,AO2,6.2.1.4,"Figure 10 shows a circuit the student built using the battery from the TENS machine.
Figure 10
The student recorded how the current in the resistor varied with the potential difference across the resistor.
Figure 11 shows a sketch graph of the results.
Figure 11
What relationship does Figure 11 show?
[1 mark]",potential difference is (directly) proportional to current,,22,22,22,22,True,"Figure 10, Figure 11",False,,AQA-8464P1H-QP-NOV21.PDF,AQA-8464P1H-MS-NOV21.PDF,"['Figure 10', 'Figure 11']",[],
NOV21,"AQA GCSE Combined Science: Physics Paper 1H, 2021",2021,5,5.4,extended response,3,AO2,6.2.2,"Figure 12 shows two more circuits that the student built using the battery from the TENS machine.
Figure 12
The resistors all have the same resistance.
Compare the readings on the voltmeter and ammeter in circuit A and circuit B.
[3 marks]
Voltmeter
____
Ammeter
____","voltmeter: the reading is the same in both circuits
ammeter: the reading in circuit B is twice the reading of circuit A
allow 1 mark for the reading in circuit B is bigger than circuit A","allow 1 mark for the reading in 
circuit B is bigger than circuit A",23,23,23,23,True,Figure 12,False,,AQA-8464P1H-QP-NOV21.PDF,AQA-8464P1H-MS-NOV21.PDF,['Figure 12'],[],
NOV21,"AQA GCSE Combined Science: Physics Paper 1H, 2021",2021,6,6.1,short answer,2,AO1,"6.3.2.1, 6.3.2.3","An air source heat pump transfers energy from the air outside a building to increase the temperature of the air inside the building.
Figure 13 shows an air source heat pump.
Figure 13
The compressor is connected to the mains electricity supply.
The pipe in the heat pump contains a substance called coolant.
In the evaporator, energy is transferred from the air outside the building to the liquid coolant.
The temperature of the coolant increases and it evaporates.
Explain what happens to the internal energy of the coolant as its temperature increases.
[2 marks]","the kinetic energy (and the potential energy) of the particles increases
so the internal energy increases because it is the sum of kinetic and potential energy (of the particles)
allow the speed of the particles increases","allow the speed of the particles 
increases",24,24,24,24,True,Figure 13,False,,AQA-8464P1H-QP-NOV21.PDF,AQA-8464P1H-MS-NOV21.PDF,['Figure 13'],[],https://drive.google.com/file/d/1dj1Z9pKEutLffqyrsafclvwBN0Ue6vNe/view
NOV21,"AQA GCSE Combined Science: Physics Paper 1H, 2021",2021,6,6.2,short answer,1,AO1,6.3.2.3,"What name is given to the energy needed to change the state of the liquid coolant?
[1 mark]","latent heat (of vaporisation)
allow specific latent heat (of vaporisation)","allow specific latent heat (of 
vaporisation)",25,25,25,25,False,,False,,AQA-8464P1H-QP-NOV21.PDF,AQA-8464P1H-MS-NOV21.PDF,[],[],https://drive.google.com/file/d/1dj1Z9pKEutLffqyrsafclvwBN0Ue6vNe/view
NOV21,"AQA GCSE Combined Science: Physics Paper 1H, 2021",2021,6,6.3,multiple choice,1,AO1,6.3.1.2,"What happens to the mass of the coolant as it evaporates and becomes a vapour?
[1 mark]
Tick (✓) one box.
|   |    |
|---|----|
| ☐ | Decreases |
| ☐ | Stays the same |
| ☐ | Increases |",stays the same,,25,25,25,25,False,,False,,AQA-8464P1H-QP-NOV21.PDF,AQA-8464P1H-MS-NOV21.PDF,[],[],https://drive.google.com/file/d/1dj1Z9pKEutLffqyrsafclvwBN0Ue6vNe/view
NOV21,"AQA GCSE Combined Science: Physics Paper 1H, 2021",2021,6,6.4,short answer,2,AO1,6.3.3.1,"The compressor increases the density and temperature of the coolant vapour inside the pipe.
Explain why the pressure in the pipe increases.
[2 marks]","more collisions per second
a greater force per collision",,25,26,25,25,False,,False,,AQA-8464P1H-QP-NOV21.PDF,AQA-8464P1H-MS-NOV21.PDF,[],[],https://drive.google.com/file/d/1dj1Z9pKEutLffqyrsafclvwBN0Ue6vNe/view
NOV21,"AQA GCSE Combined Science: Physics Paper 1H, 2021",2021,6,6.5,calculation,6,AO2,"6.1.2.2, 6.1.1.3, 6.3.2.2","The condenser transfers energy from the coolant to the air in the building.
When the total energy input to the heat pump system is 1560 kJ the temperature of the air in the building increases from 11.6 °C to 22.1 °C.
The efficiency of the heat pump system is 87.5%.
The mass of the air inside the building is 125 kg.
Calculate the specific heat capacity of the air in the building.
Give your answer in standard form.
[6 marks]
Specific heat capacity (standard form) = ____ J/kg °C","0.875 = useful output energy transfer / 1 560 000
useful output energy transfer = 0.875 × 1 560 000
useful output energy transfer = 1 365 000 (J)
1 365 000 = 125 × c × (22.1–11.6)
c = 1 365 000 / [125 × 10.5]
c = 1040 (J/kg °C)
c = 1.04 × 10^3 (J/kg °C)
allow a correct substitution using incorrectly/not converted values of efficiency and/or energy
this answer only
the equation efficiency = (useful output energy transfer) / (total input energy transfer) must have been used to score subsequent marks
allow a correct substitution using their calculated value of useful output energy
allow a correct re-arrangement using their value of useful output energy
allow a correct calculation using with their value of useful output energy
this mark can only be awarded for a calculation using the correct equations","allow a correct substitution 
using incorrectly/not converted
values of efficiency and/or 
energy 
this answer only
the equation 
efficiency = 
useful output energy transfer
total input energy transfer
must have been used to score 
subsequent marks
allow a correct substitution 
using their calculated value of 
useful output energy 
allow a correct re-arrangement 
using their value of useful 
output energy 
allow a correct calculation 
using with their value of useful 
output energy 
this mark can only be awarded 
for a calculation using the 
correct equations",26,26,26,26,False,,False,,AQA-8464P1H-QP-NOV21.PDF,AQA-8464P1H-MS-NOV21.PDF,[],[],https://drive.google.com/file/d/1dj1Z9pKEutLffqyrsafclvwBN0Ue6vNe/view
NOV21,"AQA GCSE Combined Science: Physics Paper 1H, 2021",2021,6,6.6,extended response,3,AO3,6.1.2.2,"The air in the building gains 400 J for every 100 J of energy transferred from the mains electricity supply to the compressor.
An advertisement claims that the heat pump system has an efficiency of 400%.
Explain why the advertisement is not correct.
[3 marks]","the advertisement has ignored the energy input from the surrounding air
so the total energy input is greater than the energy supplied from the electricity
the efficiency must be less than 100%
an answer that the total energy input comes from the electricity supply and the air outside the building gains the first two marking points","an answer that the total energy 
input comes from the electricity 
supply and the air outside the 
building gains the first two 
marking points",27,27,27,27,False,,False,,AQA-8464P1H-QP-NOV21.PDF,AQA-8464P1H-MS-NOV21.PDF,[],[],https://drive.google.com/file/d/1dj1Z9pKEutLffqyrsafclvwBN0Ue6vNe/view
